{"cameraMode":{"drawMode":0,"name":"Shaded","section":"Shading Mode"},"sceneLighting":true,"audioPlay":false,"sceneViewState":{"m_AlwaysRefresh":false,"showFog":true,"showSkybox":true,"showFlares":true,"showImageEffects":true,"showParticleSystems":true,"showVisualEffectGraphs":true,"m_FxEnabled":true},"in2DMode":false,"pivot":{"x":-1.5999999046325684,"y":0.45000001788139346,"z":-4.365999698638916},"rotation":{"x":0.14484168589115144,"y":0.20181091129779817,"z":-0.030191168189048768,"w":0.9681851863861084},"size":0.3455907702445984,"orthographic":true}